{"errors":[],"warnings":[],"namedChunkGroups":{"polyfill":{"chunks":[2,0,7],"assets":["webpack-runtime-91a7bed27c7fa5e48b00.js","webpack-runtime-91a7bed27c7fa5e48b00.js.map","commons-fe94a1025289ee6c96fc.js","commons-fe94a1025289ee6c96fc.js.map","polyfill-5acc46d2c6294ee52fa0.js","polyfill-5acc46d2c6294ee52fa0.js.map"],"children":{},"childAssets":{}},"app":{"chunks":[2,6,0,3],"assets":["webpack-runtime-91a7bed27c7fa5e48b00.js","webpack-runtime-91a7bed27c7fa5e48b00.js.map","framework-d585a04b7d285a7760d6.js","framework-d585a04b7d285a7760d6.js.map","commons-fe94a1025289ee6c96fc.js","commons-fe94a1025289ee6c96fc.js.map","app-3092ffd691f93acf2cce.js","app-3092ffd691f93acf2cce.js.map"],"children":{},"childAssets":{}},"component---src-pages-404-js":{"chunks":[1,0,4],"assets":["styles.48b3271c7ebbc6ecdbdc.css","styles-e9d24b1846c7d6eb9685.js","styles-e9d24b1846c7d6eb9685.js.map","commons-fe94a1025289ee6c96fc.js","commons-fe94a1025289ee6c96fc.js.map","component---src-pages-404-js-9c04155390b493ad90ef.js","component---src-pages-404-js-9c04155390b493ad90ef.js.map"],"children":{},"childAssets":{}},"component---src-pages-index-js":{"chunks":[1,0,5],"assets":["styles.48b3271c7ebbc6ecdbdc.css","styles-e9d24b1846c7d6eb9685.js","styles-e9d24b1846c7d6eb9685.js.map","commons-fe94a1025289ee6c96fc.js","commons-fe94a1025289ee6c96fc.js.map","component---src-pages-index-js-c702d17516ec1431343f.js","component---src-pages-index-js-c702d17516ec1431343f.js.map"],"children":{},"childAssets":{}}},"assetsByChunkName":{"polyfill":["webpack-runtime-91a7bed27c7fa5e48b00.js","commons-fe94a1025289ee6c96fc.js","polyfill-5acc46d2c6294ee52fa0.js"],"app":["webpack-runtime-91a7bed27c7fa5e48b00.js","framework-d585a04b7d285a7760d6.js","commons-fe94a1025289ee6c96fc.js","app-3092ffd691f93acf2cce.js"],"component---src-pages-404-js":["styles.48b3271c7ebbc6ecdbdc.css","styles-e9d24b1846c7d6eb9685.js","commons-fe94a1025289ee6c96fc.js","component---src-pages-404-js-9c04155390b493ad90ef.js"],"component---src-pages-index-js":["styles.48b3271c7ebbc6ecdbdc.css","styles-e9d24b1846c7d6eb9685.js","commons-fe94a1025289ee6c96fc.js","component---src-pages-index-js-c702d17516ec1431343f.js"]}}